var_name,na_cnt,percent
EIN2,0,0
NTEEV2,165864,0.048258800123015366
F990_TOTAL_ASSETS_RECENT,230611,0.06709720105127512
CENSUS_STATE_ABBR,6715,0.001953756347525974
CENSUS_COUNTY_NAME,6715,0.001953756347525974
ORG_YEAR_FIRST,0,0
ORG_YEAR_LAST,0,0
LATITUDE,6224,0.0018108979161581033
LONGITUDE,6224,0.0018108979161581033
CENSUS_CBSA_FIPS,243886,0.07095961587084434
LATLONG_FLAG,1,2.909540353724459e-7
